id_orden,tiempo_de_compra,detalles,direccion_de_entrega,calificacion_cliente,calificacion_usuario
1,17/10/2018,Lalevee,rlalevee0@jugem.jp,1,1
2,28/2/2019,Perdue,gperdue1@apache.org,4,3
3,2/3/2019,Mousdall,lmousdall2@usatoday.com,1,2
4,11/1/2019,Schollick,aschollick3@ask.com,1,5
5,17/5/2019,Parr,aparr4@cdbaby.com,1,5
6,2/8/2018,Gribbon,pgribbon5@is.gd,5,1
7,8/12/2018,Manicomb,cmanicomb6@pbs.org,1,3
8,27/9/2018,Darrigoe,rdarrigoe7@marketwatch.com,4,1
9,15/4/2019,McGaraghan,nmcgaraghan8@gnu.org,5,5
10,26/9/2018,Moylan,gmoylan9@studiopress.com,4,5
11,10/4/2019,Sherme,mshermea@shinystat.com,2,5
12,14/3/2019,Dray,sdrayb@facebook.com,1,3
13,28/12/2018,Menichini,cmenichinic@tinyurl.com,3,5
14,20/8/2018,Winspar,owinspard@ucoz.ru,1,3
15,13/12/2018,Fearick,hfearicke@sohu.com,2,4
16,25/8/2018,Suddick,gsuddickf@simplemachines.org,4,4
17,18/3/2019,Blucher,ablucherg@hc360.com,1,4
18,2/4/2019,Casswell,vcasswellh@google.ca,3,3
19,30/7/2018,Seldner,cseldneri@hugedomains.com,2,2
20,2/3/2019,Pleavin,ipleavinj@dropbox.com,3,3
21,28/1/2019,Pomfrett,epomfrettk@parallels.com,2,4
22,11/3/2019,Parres,tparresl@amazon.co.uk,1,2
23,25/1/2019,Gounin,dgouninm@amazon.co.jp,4,2
24,13/5/2019,Kinworthy,lkinworthyn@goo.gl,2,5
25,13/11/2018,Fucher,kfuchero@youtube.com,4,1
26,30/10/2018,Raraty,braratyp@marriott.com,1,5
27,15/5/2019,Wrey,jwreyq@buzzfeed.com,4,1
28,30/3/2019,Caras,acarasr@wired.com,3,2
29,17/4/2019,Pappin,cpappins@mit.edu,2,5
30,13/12/2018,Iacovaccio,miacovacciot@photobucket.com,4,4
31,5/2/2019,Cameron,dcameronu@telegraph.co.uk,1,2
32,17/8/2018,Josephy,mjosephyv@posterous.com,1,2
33,15/8/2018,Murrhardt,cmurrhardtw@google.fr,3,5
34,7/3/2019,Kinnoch,vkinnochx@cocolog-nifty.com,3,2
35,17/10/2018,Mountlow,amountlowy@zimbio.com,3,4
36,15/9/2018,Mills,bmillsz@harvard.edu,4,5
37,21/8/2018,Castagnier,lcastagnier10@g.co,4,5
38,31/10/2018,Peel,cpeel11@wisc.edu,1,3
39,8/12/2018,Purchall,cpurchall12@ted.com,3,2
40,1/1/2019,Jewer,bjewer13@amazon.com,4,5
41,27/7/2018,Waller-Bridge,awallerbridge14@goodreads.com,5,5
42,20/8/2018,Parlet,bparlet15@slideshare.net,4,1
43,29/3/2019,Goranov,rgoranov16@mashable.com,4,2
44,27/4/2019,Hearnes,chearnes17@zdnet.com,2,5
45,18/2/2019,Erwin,ferwin18@guardian.co.uk,4,1
46,28/7/2018,Tomblings,atomblings19@nydailynews.com,2,4
47,2/2/2019,Abela,eabela1a@free.fr,4,4
48,3/1/2019,Raycroft,oraycroft1b@gizmodo.com,4,3
49,27/9/2018,Elsbury,delsbury1c@twitter.com,3,2
50,12/5/2019,Drakeford,gdrakeford1d@bloomberg.com,1,2
51,22/7/2018,Rootes,hrootes1e@nasa.gov,3,5
52,9/5/2019,Gwyllt,cgwyllt1f@yellowbook.com,5,2
53,12/4/2019,Trapp,vtrapp1g@addtoany.com,1,3
54,18/4/2019,Faulo,cfaulo1h@china.com.cn,1,4
55,21/10/2018,Rivalland,krivalland1i@mapy.cz,4,1
56,12/8/2018,Thoumas,cthoumas1j@craigslist.org,3,4
57,21/12/2018,Marrison,cmarrison1k@deliciousdays.com,1,4
58,9/3/2019,Baldinotti,abaldinotti1l@wikimedia.org,5,3
59,25/11/2018,Tallach,gtallach1m@msu.edu,3,3
60,27/7/2018,Fallowfield,mfallowfield1n@webs.com,3,4
61,21/8/2018,Kalkofen,lkalkofen1o@angelfire.com,5,2
62,28/4/2019,Hamlett,ahamlett1p@nydailynews.com,4,5
63,11/5/2019,Featherbie,efeatherbie1q@icio.us,5,1
64,27/9/2018,Grute,jgrute1r@about.com,3,4
65,21/4/2019,Livezley,plivezley1s@twitpic.com,4,2
66,4/1/2019,Catterell,gcatterell1t@bloglines.com,5,5
67,2/10/2018,Bontine,rbontine1u@imgur.com,5,2
68,27/1/2019,Simonard,osimonard1v@exblog.jp,1,2
69,23/10/2018,Scoggins,lscoggins1w@i2i.jp,3,5
70,9/10/2018,Toler,etoler1x@istockphoto.com,4,4
71,30/4/2019,Mabbs,amabbs1y@clickbank.net,4,4
72,2/2/2019,Kimm,akimm1z@globo.com,5,1
73,2/11/2018,Leathers,cleathers20@webmd.com,3,1
74,9/10/2018,Vallantine,dvallantine21@smugmug.com,1,2
75,1/12/2018,Do Rosario,edorosario22@prweb.com,5,2
76,10/5/2019,Loos,rloos23@oakley.com,1,1
77,30/12/2018,Foxley,ifoxley24@amazon.co.jp,2,2
78,22/12/2018,Pettegre,gpettegre25@rediff.com,1,1
79,13/9/2018,Brauns,dbrauns26@telegraph.co.uk,1,3
80,26/8/2018,Pearse,jpearse27@constantcontact.com,4,3
81,16/11/2018,Linskill,rlinskill28@auda.org.au,2,5
82,13/5/2019,Bennetto,gbennetto29@mashable.com,2,4
83,11/3/2019,Langcastle,klangcastle2a@xinhuanet.com,1,4
84,11/9/2018,Schindler,rschindler2b@netscape.com,4,2
85,16/10/2018,Setterthwait,tsetterthwait2c@ft.com,2,1
86,21/8/2018,Edwins,eedwins2d@ucla.edu,2,2
87,1/3/2019,McCallister,amccallister2e@wordpress.com,2,3
88,11/9/2018,Pauling,apauling2f@deliciousdays.com,4,1
89,23/12/2018,Dunton,bdunton2g@mtv.com,2,5
90,8/3/2019,Seleway,pseleway2h@ed.gov,2,3
91,29/7/2018,Menlow,amenlow2i@reuters.com,2,2
92,24/8/2018,Harsum,iharsum2j@exblog.jp,2,2
93,5/3/2019,Wilmore,vwilmore2k@sun.com,5,2
94,14/3/2019,De Castri,cdecastri2l@1und1.de,3,5
95,26/11/2018,Ciardo,gciardo2m@dropbox.com,5,4
96,1/12/2018,Vears,lvears2n@google.ru,2,4
97,16/10/2018,Rann,drann2o@msu.edu,5,5
98,23/3/2019,Spruce,dspruce2p@addtoany.com,2,5
99,23/2/2019,Hambidge,bhambidge2q@imageshack.us,4,1
100,11/8/2018,Acreman,cacreman2r@ucoz.ru,2,4
101,7/9/2018,Ballam,vballam2s@go.com,1,1
102,15/5/2019,Crommett,ecrommett2t@google.fr,3,4
103,25/8/2018,Farndale,rfarndale2u@independent.co.uk,1,3
104,6/8/2018,Paolotto,ppaolotto2v@mashable.com,3,2
105,6/3/2019,Seavers,vseavers2w@pinterest.com,3,5
106,1/3/2019,Stolte,hstolte2x@tuttocitta.it,5,4
107,16/4/2019,Ivins,givins2y@printfriendly.com,1,4
108,17/10/2018,Brawley,hbrawley2z@purevolume.com,3,1
109,17/12/2018,McLay,hmclay30@clickbank.net,5,2
110,1/4/2019,Alfuso,falfuso31@reference.com,5,2
111,3/3/2019,Dallinder,bdallinder32@pcworld.com,2,5
112,20/3/2019,Abbots,kabbots33@mtv.com,2,5
113,9/3/2019,Rickerby,nrickerby34@alibaba.com,4,3
114,28/8/2018,Longridge,vlongridge35@aol.com,4,2
115,30/3/2019,Bernardoni,rbernardoni36@newsvine.com,1,4
116,29/11/2018,Tripney,stripney37@un.org,3,2
117,22/8/2018,Hartnell,thartnell38@mashable.com,2,1
118,1/2/2019,Dunican,mdunican39@pinterest.com,1,3
119,4/2/2019,Spuner,mspuner3a@jalbum.net,3,2
120,18/3/2019,Nodes,inodes3b@bloomberg.com,1,5
121,24/2/2019,Tonkin,ltonkin3c@storify.com,2,4
122,21/2/2019,Grene,bgrene3d@independent.co.uk,3,4
123,11/1/2019,Radborne,oradborne3e@about.me,4,4
124,14/5/2019,Klaaassen,dklaaassen3f@comcast.net,5,1
125,7/4/2019,Wailes,rwailes3g@cnet.com,4,3
126,7/2/2019,Duffy,fduffy3h@digg.com,2,2
127,15/12/2018,Scanes,gscanes3i@sciencedaily.com,5,4
128,13/9/2018,Maddison,dmaddison3j@etsy.com,2,1
129,10/8/2018,Kinworthy,akinworthy3k@newyorker.com,1,1
130,17/3/2019,Lorentz,tlorentz3l@sitemeter.com,3,3
131,29/7/2018,Pymer,npymer3m@youku.com,3,4
132,23/1/2019,Billing,dbilling3n@themeforest.net,3,1
133,31/7/2018,Gartin,tgartin3o@stumbleupon.com,5,2
134,8/5/2019,Corbet,kcorbet3p@vkontakte.ru,4,1
135,1/5/2019,Balmann,hbalmann3q@discuz.net,2,5
136,3/3/2019,Ruddick,druddick3r@dell.com,2,4
137,19/10/2018,McNae,cmcnae3s@addthis.com,2,2
138,25/7/2018,O' Dornan,lodornan3t@quantcast.com,3,1
139,19/12/2018,Santen,dsanten3u@usda.gov,4,4
140,28/11/2018,Feron,jferon3v@google.pl,4,4
141,26/1/2019,Lye,alye3w@usatoday.com,1,4
142,1/10/2018,Skough,lskough3x@sbwire.com,1,1
143,25/9/2018,Vasin,jvasin3y@vkontakte.ru,4,2
144,27/11/2018,Bidmead,sbidmead3z@shutterfly.com,1,3
145,28/7/2018,Bernollet,abernollet40@apple.com,3,4
146,6/3/2019,Mart,smart41@xrea.com,3,3
147,12/1/2019,Dean,edean42@va.gov,1,1
148,7/5/2019,Parrott,cparrott43@cdbaby.com,3,5
149,23/1/2019,Daffey,fdaffey44@globo.com,1,2
150,21/10/2018,Brazenor,kbrazenor45@storify.com,3,1
151,26/3/2019,Lynds,dlynds46@smugmug.com,1,4
152,10/3/2019,Thridgould,rthridgould47@cnet.com,4,4
153,17/12/2018,Link,hlink48@house.gov,4,3
154,9/10/2018,Saffran,msaffran49@soundcloud.com,2,2
155,1/8/2018,MacGaughie,omacgaughie4a@over-blog.com,4,5
156,29/3/2019,Richardes,krichardes4b@adobe.com,3,3
157,16/12/2018,Palatino,spalatino4c@storify.com,1,4
158,18/1/2019,Overbury,woverbury4d@aboutads.info,3,3
159,17/11/2018,Harcase,mharcase4e@weebly.com,4,3
160,3/1/2019,Beggs,cbeggs4f@ucoz.com,4,1
161,5/4/2019,Briatt,abriatt4g@themeforest.net,3,1
162,15/2/2019,Cuolahan,jcuolahan4h@sohu.com,4,2
163,15/12/2018,Gilby,agilby4i@mit.edu,4,3
164,15/8/2018,Gilstin,agilstin4j@loc.gov,2,2
165,5/1/2019,Simmell,bsimmell4k@sciencedaily.com,5,5
166,30/11/2018,Lasselle,flasselle4l@gravatar.com,1,1
167,21/10/2018,Fancet,sfancet4m@china.com.cn,3,3
168,7/12/2018,Houchen,ehouchen4n@vistaprint.com,1,3
169,7/4/2019,Maddaford,gmaddaford4o@dmoz.org,3,4
170,20/2/2019,Kniveton,lkniveton4p@whitehouse.gov,4,1
171,7/3/2019,Baldi,rbaldi4q@g.co,2,4
172,30/1/2019,Dowman,odowman4r@prlog.org,4,2
173,1/3/2019,Girke,mgirke4s@oakley.com,3,4
174,9/8/2018,Leach,lleach4t@ycombinator.com,4,5
175,5/12/2018,Milburn,gmilburn4u@paginegialle.it,2,4
176,29/12/2018,Duggleby,mduggleby4v@goo.gl,5,4
177,20/4/2019,Laughtisse,jlaughtisse4w@goo.ne.jp,2,5
178,1/4/2019,Hubeaux,mhubeaux4x@shinystat.com,2,4
179,21/8/2018,Pester,kpester4y@zimbio.com,5,3
180,6/8/2018,Selliman,jselliman4z@virginia.edu,3,4
181,25/11/2018,Gandy,bgandy50@state.gov,2,5
182,21/1/2019,Gerler,dgerler51@hatena.ne.jp,4,4
183,11/5/2019,Crecy,lcrecy52@merriam-webster.com,2,3
184,24/12/2018,Rosenkranc,frosenkranc53@nyu.edu,2,4
185,28/4/2019,Webster,cwebster54@noaa.gov,4,5
186,15/9/2018,Matterson,cmatterson55@biglobe.ne.jp,4,3
187,17/10/2018,Renzullo,rrenzullo56@arizona.edu,3,5
188,18/9/2018,Wade,ewade57@w3.org,2,5
189,4/12/2018,Knell,nknell58@mayoclinic.com,4,2
190,20/1/2019,Colomb,tcolomb59@dailymail.co.uk,4,4
191,27/12/2018,Jaqueminet,bjaqueminet5a@foxnews.com,3,1
192,12/10/2018,Argo,eargo5b@csmonitor.com,1,2
193,28/4/2019,Smyley,asmyley5c@mozilla.com,4,4
194,24/2/2019,Lascell,vlascell5d@thetimes.co.uk,5,1
195,20/4/2019,Holtaway,lholtaway5e@cnn.com,3,1
196,4/2/2019,Deakes,kdeakes5f@about.me,5,4
197,31/10/2018,Gadie,vgadie5g@icio.us,4,3
198,24/11/2018,Maggi,mmaggi5h@devhub.com,2,4
199,8/5/2019,Unthank,lunthank5i@ted.com,1,1
200,8/4/2019,Schaffler,rschaffler5j@qq.com,1,1
201,12/2/2019,Falconer,sfalconer5k@wikipedia.org,2,2
202,25/10/2018,Cheek,ccheek5l@bandcamp.com,2,4
203,28/11/2018,Gracewood,egracewood5m@ning.com,5,2
204,10/1/2019,Mitton,hmitton5n@statcounter.com,5,2
205,10/5/2019,Salery,isalery5o@time.com,2,3
206,15/3/2019,Bosquet,abosquet5p@mozilla.org,1,2
207,20/5/2019,Antonias,aantonias5q@ftc.gov,2,4
208,22/1/2019,Lavell,mlavell5r@ibm.com,5,4
209,8/3/2019,Gierok,dgierok5s@w3.org,2,4
210,28/12/2018,MacMeekan,gmacmeekan5t@newyorker.com,1,4
211,19/5/2019,Hewkin,whewkin5u@e-recht24.de,4,2
212,12/10/2018,Hrachovec,mhrachovec5v@hostgator.com,3,1
213,30/9/2018,Philipot,tphilipot5w@cbc.ca,2,3
214,16/3/2019,MacKibbon,dmackibbon5x@nhs.uk,2,4
215,7/8/2018,Ambrosini,gambrosini5y@japanpost.jp,5,2
216,21/1/2019,O'Scanlon,goscanlon5z@hubpages.com,5,2
217,26/9/2018,Perche,tperche60@ft.com,1,3
218,9/12/2018,Godin,kgodin61@princeton.edu,2,4
219,28/7/2018,Botwright,mbotwright62@wikispaces.com,1,1
220,6/3/2019,Snufflebottom,bsnufflebottom63@mtv.com,3,5
221,3/2/2019,Tugman,stugman64@pcworld.com,5,1
222,16/9/2018,Stillgoe,gstillgoe65@bloglovin.com,1,4
223,12/2/2019,Hazel,lhazel66@shareasale.com,1,2
224,3/9/2018,Krabbe,skrabbe67@prnewswire.com,5,3
225,28/3/2019,Lowder,alowder68@github.io,2,4
226,17/11/2018,Eakins,aeakins69@army.mil,5,5
227,7/10/2018,Downton,ddownton6a@sciencedaily.com,1,4
228,28/3/2019,McAlroy,rmcalroy6b@blogtalkradio.com,1,2
229,17/2/2019,Suermeier,bsuermeier6c@twitpic.com,5,1
230,28/12/2018,Mollison,cmollison6d@nytimes.com,3,1
231,23/9/2018,Maund,cmaund6e@mozilla.org,3,2
232,20/12/2018,Beeching,gbeeching6f@youku.com,4,3
233,17/2/2019,Sneyd,nsneyd6g@si.edu,4,3
234,7/12/2018,MacBarron,dmacbarron6h@xing.com,1,5
235,20/3/2019,Dri,tdri6i@ihg.com,3,4
236,15/10/2018,Kinghorn,akinghorn6j@cnbc.com,5,5
237,27/7/2018,Prestney,aprestney6k@spotify.com,4,3
238,5/3/2019,Dukesbury,cdukesbury6l@fotki.com,5,2
239,9/8/2018,Blune,rblune6m@digg.com,5,3
240,17/8/2018,Revening,frevening6n@imdb.com,4,3
241,16/2/2019,Wilby,pwilby6o@yelp.com,5,5
242,25/4/2019,Meffan,emeffan6p@about.me,5,3
243,26/8/2018,Stigers,cstigers6q@plala.or.jp,5,4
244,11/8/2018,Sange,lsange6r@epa.gov,4,3
245,21/10/2018,Chumley,mchumley6s@fda.gov,4,2
246,3/5/2019,Whiffen,swhiffen6t@altervista.org,2,1
247,17/11/2018,Lasty,clasty6u@sakura.ne.jp,5,5
248,3/4/2019,Letts,bletts6v@ehow.com,1,5
249,8/8/2018,Kleinplac,bkleinplac6w@economist.com,5,5
250,29/4/2019,Leworthy,eleworthy6x@opensource.org,1,5
251,30/9/2018,Sturt,jsturt6y@ameblo.jp,4,1
252,6/3/2019,Luton,qluton6z@woothemes.com,4,5
253,12/11/2018,Volkes,mvolkes70@cbslocal.com,4,5
254,9/12/2018,Roma,eroma71@angelfire.com,5,4
255,21/8/2018,Vanichkov,evanichkov72@wordpress.org,4,4
256,1/2/2019,Seggie,cseggie73@taobao.com,2,4
257,12/2/2019,Emburey,remburey74@desdev.cn,5,3
258,25/8/2018,McNirlin,amcnirlin75@people.com.cn,2,2
259,4/10/2018,Kave,kkave76@deliciousdays.com,4,1
260,21/12/2018,Darragon,jdarragon77@accuweather.com,3,2
261,23/7/2018,McNeil,tmcneil78@ed.gov,1,2
262,6/8/2018,Clibbery,tclibbery79@discovery.com,5,4
263,9/4/2019,Ference,bference7a@state.tx.us,2,3
264,8/1/2019,Vear,kvear7b@nationalgeographic.com,5,2
265,7/12/2018,Huygens,vhuygens7c@storify.com,3,4
266,12/5/2019,Lamberteschi,vlamberteschi7d@moonfruit.com,1,5
267,28/4/2019,Ciobotaru,gciobotaru7e@chron.com,2,3
268,14/8/2018,Bavister,kbavister7f@ycombinator.com,4,3
269,17/4/2019,Hiland,rhiland7g@scientificamerican.com,2,1
270,15/5/2019,Blumfield,hblumfield7h@macromedia.com,2,3
271,18/11/2018,Ismay,jismay7i@lulu.com,5,4
272,27/8/2018,McKeller,rmckeller7j@state.gov,4,3
273,31/8/2018,Messager,jmessager7k@tinyurl.com,4,2
274,7/4/2019,Reijmers,ereijmers7l@google.es,2,2
275,1/11/2018,Gleave,agleave7m@prlog.org,5,3
276,24/11/2018,Holdworth,hholdworth7n@i2i.jp,3,1
277,2/3/2019,Strevens,sstrevens7o@live.com,1,1
278,18/10/2018,Moline,hmoline7p@behance.net,3,2
279,25/11/2018,Postlethwaite,dpostlethwaite7q@ucsd.edu,4,2
280,9/10/2018,Dennis,adennis7r@reference.com,4,1
281,9/11/2018,Semechik,tsemechik7s@cornell.edu,4,1
282,29/7/2018,Else,melse7t@google.co.uk,2,4
283,7/5/2019,Barroux,dbarroux7u@abc.net.au,5,5
284,21/10/2018,De Ruggero,aderuggero7v@quantcast.com,3,4
285,28/1/2019,Elmhurst,felmhurst7w@google.pl,1,3
286,15/1/2019,Cinelli,acinelli7x@xrea.com,4,1
287,2/3/2019,Gianinotti,hgianinotti7y@amazon.co.jp,5,5
288,1/9/2018,Faier,cfaier7z@tinypic.com,3,3
289,28/10/2018,Slaymaker,sslaymaker80@berkeley.edu,5,2
290,12/9/2018,O'Donnelly,vodonnelly81@eepurl.com,1,4
291,4/9/2018,Curro,bcurro82@vk.com,5,3
292,22/3/2019,Lowen,klowen83@vk.com,2,4
293,20/11/2018,Simonds,esimonds84@gravatar.com,1,5
294,24/7/2018,Anthoney,ranthoney85@home.pl,4,1
295,12/9/2018,Cazereau,fcazereau86@java.com,1,3
296,29/7/2018,Bedson,rbedson87@reference.com,4,1
297,5/3/2019,Fenners,sfenners88@cpanel.net,1,3
298,13/5/2019,Pethrick,dpethrick89@mapy.cz,2,1
299,15/4/2019,Wisden,twisden8a@quantcast.com,4,5
300,31/3/2019,Sleightholme,psleightholme8b@google.com.hk,1,4
301,7/9/2018,Lujan,clujan8c@histats.com,4,4
302,15/12/2018,Cooling,scooling8d@shareasale.com,2,3
303,3/11/2018,Willavoys,dwillavoys8e@sitemeter.com,2,3
304,8/9/2018,Jarad,fjarad8f@dot.gov,4,3
305,16/12/2018,Blethin,vblethin8g@upenn.edu,5,3
306,11/8/2018,Osmon,eosmon8h@fema.gov,1,3
307,9/1/2019,Andrich,tandrich8i@cocolog-nifty.com,3,5
308,3/12/2018,Gorham,ogorham8j@wordpress.com,1,5
309,12/4/2019,Brosio,lbrosio8k@technorati.com,3,3
310,30/7/2018,Pfeuffer,mpfeuffer8l@dropbox.com,1,2
311,11/3/2019,Atkyns,aatkyns8m@weebly.com,2,5
312,23/12/2018,Choat,fchoat8n@imdb.com,3,1
313,19/9/2018,Pauel,mpauel8o@google.ca,3,3
314,23/8/2018,Surgeoner,nsurgeoner8p@cdc.gov,2,3
315,12/3/2019,Bangham,rbangham8q@google.co.uk,1,5
316,15/11/2018,Reyburn,lreyburn8r@columbia.edu,5,2
317,14/4/2019,Elgie,celgie8s@github.com,4,2
318,3/2/2019,Jarlmann,rjarlmann8t@ustream.tv,2,1
319,30/11/2018,Cummins,hcummins8u@seattletimes.com,3,1
320,17/5/2019,Jex,bjex8v@1und1.de,4,5
321,21/8/2018,Kinnock,akinnock8w@msn.com,2,4
322,24/8/2018,Tegler,etegler8x@360.cn,2,5
323,1/11/2018,Gobbet,jgobbet8y@mlb.com,3,3
324,15/8/2018,Gerhts,rgerhts8z@imdb.com,5,1
325,17/11/2018,Allsop,vallsop90@hud.gov,5,4
326,29/9/2018,MacNalley,hmacnalley91@mysql.com,5,3
327,20/5/2019,Gilbody,cgilbody92@usatoday.com,1,5
328,21/12/2018,Venard,kvenard93@eepurl.com,3,2
329,15/3/2019,Meininger,nmeininger94@aol.com,4,3
330,27/2/2019,Jenik,bjenik95@prnewswire.com,1,3
331,30/8/2018,Fri,cfri96@clickbank.net,3,2
332,5/11/2018,Jilliss,ajilliss97@storify.com,3,5
333,11/5/2019,Hallums,ghallums98@google.ca,3,5
334,17/4/2019,Huchot,chuchot99@zdnet.com,3,4
335,29/3/2019,Gue,ague9a@w3.org,2,4
336,21/4/2019,Spadeck,aspadeck9b@stumbleupon.com,1,5
337,27/1/2019,Tidbold,ptidbold9c@discuz.net,1,3
338,11/5/2019,Knowlys,cknowlys9d@usatoday.com,3,4
339,9/3/2019,Kopke,rkopke9e@latimes.com,5,1
340,2/2/2019,Suermeiers,fsuermeiers9f@wisc.edu,5,3
341,23/7/2018,Caddies,pcaddies9g@google.es,4,5
342,8/10/2018,Blouet,kblouet9h@paypal.com,4,3
343,10/8/2018,Buffey,cbuffey9i@marketwatch.com,1,2
344,21/11/2018,Poile,epoile9j@yellowpages.com,5,5
345,30/3/2019,Dudson,adudson9k@photobucket.com,3,1
346,3/10/2018,Keppel,tkeppel9l@cisco.com,5,1
347,30/12/2018,Kolushev,skolushev9m@networksolutions.com,4,5
348,4/3/2019,Le Prevost,kleprevost9n@google.co.uk,4,4
349,20/8/2018,Thynn,athynn9o@netvibes.com,2,4
350,1/12/2018,Donaher,ydonaher9p@chron.com,4,5
351,9/1/2019,Flanagan,dflanagan9q@live.com,5,2
352,22/8/2018,Filintsev,vfilintsev9r@ovh.net,1,3
353,27/10/2018,Kassidy,ckassidy9s@fc2.com,1,1
354,11/10/2018,MacFarlane,jmacfarlane9t@php.net,1,3
355,17/3/2019,Kettley,ckettley9u@ask.com,4,5
356,20/2/2019,Brixham,cbrixham9v@cyberchimps.com,1,3
357,24/1/2019,Goodhay,mgoodhay9w@github.com,3,5
358,21/9/2018,Lohering,flohering9x@wordpress.org,1,1
359,5/8/2018,Ornils,dornils9y@nationalgeographic.com,1,2
360,20/10/2018,Benza,dbenza9z@ibm.com,4,3
361,25/11/2018,Lackinton,ilackintona0@foxnews.com,2,4
362,21/3/2019,Luckhurst,kluckhursta1@dedecms.com,4,3
363,24/3/2019,Borthe,kborthea2@cpanel.net,4,2
364,7/3/2019,Brislane,obrislanea3@chron.com,3,3
365,14/11/2018,Suston,rsustona4@earthlink.net,2,3
366,22/7/2018,Rowles,crowlesa5@netscape.com,5,2
367,21/9/2018,Gilliard,tgilliarda6@salon.com,1,5
368,22/7/2018,Ghiraldi,tghiraldia7@answers.com,1,2
369,10/2/2019,Parks,tparksa8@360.cn,4,4
370,21/12/2018,Bointon,cbointona9@dailymail.co.uk,5,5
371,31/8/2018,Fransman,rfransmanaa@cnn.com,3,4
372,1/12/2018,Dadson,fdadsonab@eventbrite.com,3,2
373,23/9/2018,Tchaikovsky,rtchaikovskyac@ox.ac.uk,2,2
374,23/9/2018,Haith,dhaithad@goo.gl,4,5
375,27/3/2019,Sweetmore,rsweetmoreae@weebly.com,4,2
376,12/10/2018,Lorkin,blorkinaf@columbia.edu,1,5
377,10/12/2018,Vieyra,fvieyraag@ow.ly,3,4
378,4/3/2019,Scholtz,mscholtzah@cloudflare.com,3,1
379,18/11/2018,Ridgwell,mridgwellai@nsw.gov.au,3,2
380,4/2/2019,Moat,fmoataj@si.edu,2,2
381,10/4/2019,Fitter,dfitterak@oaic.gov.au,3,3
382,5/3/2019,Tunnick,atunnickal@digg.com,5,5
383,18/11/2018,Legge,bleggeam@ning.com,5,4
384,11/12/2018,Strelitzer,bstrelitzeran@photobucket.com,1,3
385,9/11/2018,Chessun,hchessunao@pbs.org,3,1
386,22/7/2018,MacTeggart,gmacteggartap@webs.com,1,2
387,15/8/2018,Alcide,yalcideaq@columbia.edu,1,3
388,21/8/2018,Pinsent,apinsentar@zdnet.com,3,1
389,8/11/2018,Thurber,hthurberas@guardian.co.uk,5,5
390,18/12/2018,Jepp,kjeppat@google.co.jp,3,4
391,30/11/2018,Mellows,nmellowsau@g.co,4,2
392,16/11/2018,McAndie,pmcandieav@lulu.com,5,3
393,2/3/2019,Maty,omatyaw@technorati.com,4,1
394,17/11/2018,Blease,mbleaseax@wikia.com,1,1
395,13/5/2019,Risborough,crisboroughay@imdb.com,3,5
396,26/1/2019,Gavrielly,bgavriellyaz@ezinearticles.com,2,4
397,7/11/2018,Hoyland,nhoylandb0@canalblog.com,3,4
398,4/11/2018,Digman,mdigmanb1@icio.us,2,2
399,25/10/2018,Jakubowicz,cjakubowiczb2@sun.com,4,4
400,19/5/2019,Doiley,fdoileyb3@statcounter.com,2,5
401,11/5/2019,Southon,csouthonb4@slate.com,4,3
402,8/3/2019,Galbreth,pgalbrethb5@exblog.jp,5,5
403,13/4/2019,Flewett,gflewettb6@businessweek.com,2,2
404,26/12/2018,Braben,vbrabenb7@paypal.com,1,2
405,27/3/2019,Belchamp,cbelchampb8@xrea.com,1,1
406,13/2/2019,Horstead,shorsteadb9@apple.com,4,3
407,16/8/2018,Snel,fsnelba@businesswire.com,4,5
408,12/2/2019,Younglove,lyounglovebb@hubpages.com,5,2
409,18/3/2019,Macer,cmacerbc@admin.ch,3,1
410,21/4/2019,Stanaway,gstanawaybd@hibu.com,5,4
411,21/8/2018,Farrent,dfarrentbe@plala.or.jp,4,3
412,5/5/2019,Spawforth,dspawforthbf@microsoft.com,4,2
413,20/9/2018,Larver,blarverbg@ustream.tv,4,1
414,21/3/2019,Sitwell,tsitwellbh@quantcast.com,5,2
415,11/1/2019,Hould,phouldbi@bigcartel.com,1,1
416,10/2/2019,Brinkworth,gbrinkworthbj@paginegialle.it,1,1
417,6/8/2018,Kytley,ckytleybk@yahoo.com,3,3
418,29/8/2018,Blainey,sblaineybl@si.edu,4,3
419,10/5/2019,Lydall,nlydallbm@51.la,4,3
420,16/5/2019,Aldcorne,ealdcornebn@infoseek.co.jp,3,4
421,9/10/2018,Rzehor,mrzehorbo@usatoday.com,1,1
422,8/1/2019,Redwood,iredwoodbp@friendfeed.com,3,2
423,17/3/2019,Larner,ylarnerbq@go.com,2,3
424,1/12/2018,Volk,tvolkbr@hubpages.com,3,4
425,28/3/2019,Yanez,myanezbs@example.com,4,3
426,5/2/2019,Keggins,ekegginsbt@mysql.com,3,3
427,13/8/2018,Stoller,rstollerbu@usnews.com,2,5
428,28/7/2018,Damrell,ddamrellbv@prlog.org,2,4
429,9/9/2018,Brewis,abrewisbw@sbwire.com,3,5
430,14/5/2019,Murdie,cmurdiebx@taobao.com,5,2
431,24/4/2019,Allston,mallstonby@i2i.jp,4,2
432,13/1/2019,Jaycocks,kjaycocksbz@ow.ly,5,4
433,25/4/2019,Hyatt,dhyattc0@eepurl.com,4,4
434,20/5/2019,Stanesby,jstanesbyc1@jugem.jp,5,4
435,24/3/2019,Stud,kstudc2@google.cn,5,4
436,29/10/2018,Jenteau,sjenteauc3@cisco.com,4,3
437,2/5/2019,Foulsham,jfoulshamc4@jugem.jp,5,1
438,15/10/2018,Schimmang,aschimmangc5@wikimedia.org,2,5
439,13/4/2019,Brockman,obrockmanc6@fastcompany.com,2,3
440,18/9/2018,Levick,nlevickc7@pagesperso-orange.fr,4,3
441,1/1/2019,Hengoed,ehengoedc8@slashdot.org,1,5
442,4/3/2019,Ceyssen,aceyssenc9@answers.com,5,2
443,6/8/2018,Hacaud,chacaudca@elpais.com,2,3
444,27/10/2018,Alderton,daldertoncb@usgs.gov,4,1
445,21/4/2019,La Croce,jlacrocecc@cdc.gov,2,2
446,20/11/2018,Heaseman,mheasemancd@google.com.au,5,5
447,17/4/2019,Naptin,fnaptince@nasa.gov,1,3
448,27/11/2018,Critoph,pcritophcf@abc.net.au,5,4
449,21/3/2019,Cairns,ocairnscg@furl.net,5,3
450,17/9/2018,Bouda,cboudach@usnews.com,1,2
451,29/11/2018,Ranner,vrannerci@163.com,4,2
452,17/10/2018,Stitcher,nstitchercj@indiatimes.com,1,5
453,16/1/2019,Croucher,vcroucherck@yandex.ru,5,5
454,26/3/2019,Bert,nbertcl@biglobe.ne.jp,1,4
455,21/4/2019,Smithson,ssmithsoncm@uol.com.br,2,4
456,6/10/2018,Duchateau,lduchateaucn@gnu.org,4,5
457,7/1/2019,Catonne,bcatonneco@flickr.com,1,5
458,19/3/2019,Clay,tclaycp@guardian.co.uk,1,4
459,21/4/2019,McLuckie,pmcluckiecq@wix.com,5,2
460,31/3/2019,Nowak,pnowakcr@paginegialle.it,3,4
461,16/10/2018,Secker,nseckercs@si.edu,4,4
462,10/9/2018,Braunstein,cbraunsteinct@kickstarter.com,3,4
463,17/10/2018,Girodias,dgirodiascu@eventbrite.com,5,1
464,7/11/2018,Sebright,nsebrightcv@drupal.org,3,2
465,10/3/2019,Springell,bspringellcw@ifeng.com,3,3
466,12/8/2018,Franck,afranckcx@over-blog.com,5,4
467,31/7/2018,Parsisson,rparsissoncy@state.tx.us,5,5
468,21/3/2019,Penylton,dpenyltoncz@cdc.gov,3,2
469,24/10/2018,McCowan,smccowand0@ameblo.jp,5,4
470,27/3/2019,Barnewelle,sbarnewelled1@yandex.ru,5,3
471,17/10/2018,Gerant,mgerantd2@sfgate.com,2,1
472,5/4/2019,Spring,sspringd3@foxnews.com,4,4
473,20/8/2018,Charity,bcharityd4@marriott.com,5,2
474,16/10/2018,Dmitriev,sdmitrievd5@netlog.com,3,1
475,1/10/2018,Bomb,bbombd6@wunderground.com,4,4
476,30/11/2018,Courtois,acourtoisd7@sina.com.cn,2,5
477,16/9/2018,Lamers,dlamersd8@go.com,2,2
478,19/3/2019,Afonso,jafonsod9@hibu.com,3,5
479,14/8/2018,Powdrell,dpowdrellda@msu.edu,2,4
480,17/2/2019,Gocher,bgocherdb@reference.com,1,5
481,15/3/2019,Daid,gdaiddc@alexa.com,3,4
482,13/1/2019,Gomme,rgommedd@bandcamp.com,2,2
483,17/11/2018,Lawrenz,rlawrenzde@skype.com,3,1
484,10/10/2018,Arbor,rarbordf@nydailynews.com,1,4
485,1/2/2019,Burrells,mburrellsdg@phpbb.com,2,2
486,15/9/2018,Ors,corsdh@artisteer.com,4,2
487,24/9/2018,Milne,rmilnedi@answers.com,2,3
488,15/4/2019,Headington,fheadingtondj@tumblr.com,1,4
489,2/1/2019,Oldfield,moldfielddk@mlb.com,5,2
490,2/10/2018,Pettett,spettettdl@uiuc.edu,3,5
491,7/5/2019,Giorgietto,kgiorgiettodm@issuu.com,2,2
492,9/11/2018,Presho,hpreshodn@live.com,5,1
493,20/9/2018,Parsand,cparsanddo@forbes.com,4,5
494,11/8/2018,Carbonell,kcarbonelldp@blogtalkradio.com,5,5
495,4/4/2019,MacCosto,lmaccostodq@cloudflare.com,5,1
496,8/1/2019,Disley,jdisleydr@umich.edu,3,1
497,29/1/2019,Weafer,jweaferds@google.nl,2,5
498,11/10/2018,Vale,dvaledt@amazon.co.uk,2,5
499,2/1/2019,Edmott,vedmottdu@rambler.ru,1,2
500,31/1/2019,Skeemor,jskeemordv@discovery.com,1,5
501,20/5/2019,Matyja,hmatyjadw@multiply.com,4,2
502,10/12/2018,Struan,pstruandx@wordpress.com,5,1
503,30/12/2018,Mowles,emowlesdy@bing.com,3,3
504,8/9/2018,Birtwhistle,lbirtwhistledz@hostgator.com,5,1
505,28/3/2019,Bewshaw,gbewshawe0@craigslist.org,4,4
506,20/10/2018,Bedow,nbedowe1@mail.ru,2,2
507,23/7/2018,Featenby,rfeatenbye2@moonfruit.com,1,2
508,6/8/2018,Fenimore,afenimoree3@squidoo.com,1,4
509,29/10/2018,Sidary,nsidarye4@mapquest.com,1,2
510,26/1/2019,Iacomini,biacominie5@ed.gov,2,3
511,9/2/2019,Belliard,hbelliarde6@techcrunch.com,2,4
512,14/11/2018,Joret,kjorete7@census.gov,2,2
513,28/4/2019,Arbor,earbore8@comsenz.com,3,3
514,27/9/2018,Chafney,gchafneye9@ted.com,2,1
515,17/10/2018,Bamb,dbambea@goo.ne.jp,3,3
516,25/7/2018,Woolvett,lwoolvetteb@google.fr,2,5
517,12/4/2019,Crecy,ocrecyec@gravatar.com,3,5
518,12/11/2018,Astbery,tastberyed@sciencedirect.com,2,4
519,19/12/2018,Guillond,dguillondee@google.pl,5,3
520,26/9/2018,Sylvaine,csylvaineef@bing.com,4,4
521,4/1/2019,Girkin,jgirkineg@istockphoto.com,3,5
522,1/4/2019,Bare,hbareeh@geocities.com,1,4
523,9/3/2019,MacCorkell,dmaccorkellei@biblegateway.com,4,5
524,27/11/2018,Spalding,sspaldingej@bigcartel.com,3,5
525,24/10/2018,McArte,amcarteek@issuu.com,3,1
526,9/5/2019,Proudman,lproudmanel@buzzfeed.com,4,2
527,15/1/2019,Giraudel,tgiraudelem@furl.net,1,4
528,24/9/2018,Farndell,kfarndellen@amazon.co.uk,2,1
529,20/9/2018,Arens,aarenseo@si.edu,2,1
530,25/9/2018,Aucourte,aaucourteep@blogger.com,3,4
531,25/7/2018,Imm,dimmeq@wufoo.com,4,1
532,16/3/2019,Gomme,jgommeer@reference.com,5,3
533,28/1/2019,Bartomeu,bbartomeues@webs.com,5,4
534,14/12/2018,Dries,sdrieset@ifeng.com,2,2
535,21/3/2019,Pettus,rpettuseu@narod.ru,5,4
536,24/3/2019,Spain-Gower,hspaingowerev@techcrunch.com,3,5
537,1/1/2019,Vaneschi,dvaneschiew@sun.com,4,1
538,11/8/2018,Farnan,afarnanex@ycombinator.com,3,2
539,8/2/2019,Bishop,jbishopey@bigcartel.com,1,5
540,15/8/2018,Rougier,grougierez@cafepress.com,1,2
541,26/9/2018,Grahlman,ggrahlmanf0@cdbaby.com,1,3
542,3/3/2019,Oland,aolandf1@cdbaby.com,2,1
543,18/1/2019,Lucks,hlucksf2@npr.org,4,2
544,7/9/2018,Longland,clonglandf3@yellowbook.com,5,2
545,23/8/2018,Rutt,rruttf4@tumblr.com,2,5
546,24/4/2019,Frow,sfrowf5@about.me,5,1
547,2/10/2018,Warbeys,fwarbeysf6@people.com.cn,4,2
548,8/8/2018,Lodden,jloddenf7@foxnews.com,3,3
549,31/12/2018,Bewick,cbewickf8@topsy.com,5,5
550,12/12/2018,Alessandrini,balessandrinif9@amazon.co.uk,5,4
551,22/2/2019,Harbron,tharbronfa@china.com.cn,4,4
552,30/11/2018,Lippi,hlippifb@naver.com,2,5
553,11/10/2018,Costanza,kcostanzafc@merriam-webster.com,3,2
554,8/8/2018,Slarke,islarkefd@merriam-webster.com,2,3
555,9/5/2019,Kilday,mkildayfe@artisteer.com,2,1
556,4/1/2019,Rubinow,drubinowff@biglobe.ne.jp,1,5
557,30/4/2019,Madge,mmadgefg@chronoengine.com,1,1
558,11/8/2018,Jeffress,sjeffressfh@hc360.com,3,3
559,4/9/2018,Mayhew,mmayhewfi@nifty.com,3,3
560,25/10/2018,Daulby,cdaulbyfj@lulu.com,3,1
561,14/8/2018,Rodmell,krodmellfk@g.co,5,4
562,21/8/2018,Hatchett,mhatchettfl@usda.gov,1,4
563,13/9/2018,Millsap,gmillsapfm@t-online.de,1,1
564,12/4/2019,Yeudall,cyeudallfn@cisco.com,5,5
565,7/8/2018,Garcia,dgarciafo@wisc.edu,5,5
566,1/12/2018,Ridwood,nridwoodfp@webnode.com,1,5
567,14/12/2018,Skeene,cskeenefq@github.com,3,5
568,2/11/2018,Dudek,ldudekfr@merriam-webster.com,4,2
569,20/10/2018,Willden,rwilldenfs@auda.org.au,3,3
570,7/5/2019,Sings,gsingsft@buzzfeed.com,5,4
571,24/7/2018,Reddie,creddiefu@jigsy.com,1,4
572,5/11/2018,Janek,ajanekfv@ezinearticles.com,3,3
573,16/12/2018,Frisel,gfriselfw@elpais.com,3,1
574,29/1/2019,Hanney,jhanneyfx@aboutads.info,4,1
575,15/2/2019,Canti,ncantify@goo.ne.jp,3,3
576,1/2/2019,Ramel,mramelfz@hostgator.com,1,1
577,20/11/2018,Boynton,aboyntong0@ehow.com,4,5
578,13/2/2019,Marages,rmaragesg1@nature.com,3,5
579,2/11/2018,Wakefield,awakefieldg2@hhs.gov,2,2
580,21/1/2019,Precious,ipreciousg3@etsy.com,4,1
581,11/8/2018,Wass,pwassg4@pbs.org,2,4
582,30/12/2018,Brosenius,pbroseniusg5@indiatimes.com,3,1
583,4/5/2019,Brastead,ebrasteadg6@guardian.co.uk,2,5
584,26/9/2018,Baybutt,rbaybuttg7@businessweek.com,4,1
585,29/1/2019,Janicek,kjanicekg8@istockphoto.com,3,4
586,6/12/2018,Kleynen,rkleyneng9@jiathis.com,2,1
587,31/8/2018,Edser,medserga@addtoany.com,5,2
588,6/8/2018,Rodolf,mrodolfgb@google.de,2,5
589,27/9/2018,Batchelour,wbatchelourgc@whitehouse.gov,3,1
590,26/7/2018,Klimowicz,aklimowiczgd@wikispaces.com,3,4
591,28/4/2019,Cudd,acuddge@storify.com,5,4
592,21/5/2019,Bohlmann,abohlmanngf@geocities.com,2,3
593,8/2/2019,McAlindon,emcalindongg@symantec.com,1,3
594,29/3/2019,Ogan,pogangh@craigslist.org,5,5
595,12/5/2019,Daskiewicz,kdaskiewiczgi@google.com.au,4,3
596,18/5/2019,Kesteven,mkestevengj@about.me,5,5
597,8/4/2019,Bugdall,cbugdallgk@digg.com,2,3
598,21/9/2018,Jowers,cjowersgl@netlog.com,3,4
599,10/2/2019,Mewton,amewtongm@illinois.edu,3,5
600,15/3/2019,Allner,dallnergn@flickr.com,1,5
601,29/7/2018,Goede,agoedego@altervista.org,4,3
602,28/7/2018,Gilardengo,hgilardengogp@flavors.me,2,5
603,25/12/2018,Kensy,ckensygq@amazon.co.uk,4,2
604,29/8/2018,Burston,bburstongr@blogs.com,5,3
605,3/11/2018,Jakubiak,sjakubiakgs@stumbleupon.com,3,1
606,12/2/2019,Jobbins,cjobbinsgt@hp.com,2,1
607,20/4/2019,Khalid,ckhalidgu@topsy.com,2,1
608,1/11/2018,Bibby,hbibbygv@angelfire.com,2,1
609,26/9/2018,Alsop,malsopgw@macromedia.com,1,3
610,5/10/2018,Baines,tbainesgx@google.de,2,5
611,6/4/2019,Shapland,mshaplandgy@ovh.net,1,5
612,15/4/2019,Browning,dbrowninggz@addtoany.com,3,4
613,13/5/2019,Mears,dmearsh0@tripod.com,5,5
614,3/10/2018,McNab,gmcnabh1@twitter.com,1,2
615,20/9/2018,Pezey,jpezeyh2@meetup.com,1,1
616,16/9/2018,Mabson,cmabsonh3@bandcamp.com,2,1
617,14/1/2019,Eccleshall,ceccleshallh4@reuters.com,2,5
618,7/2/2019,Quarlis,aquarlish5@cyberchimps.com,2,1
619,20/4/2019,Strother,jstrotherh6@yale.edu,1,2
620,25/2/2019,Kavanagh,wkavanaghh7@devhub.com,5,4
621,15/8/2018,Chatten,hchattenh8@live.com,1,4
622,8/8/2018,Ramelot,arameloth9@domainmarket.com,3,1
623,2/2/2019,Victory,hvictoryha@msu.edu,4,2
624,2/8/2018,Blanchet,mblanchethb@bandcamp.com,3,5
625,21/9/2018,Ciobotaru,eciobotaruhc@rediff.com,1,5
626,9/3/2019,Zarfai,tzarfaihd@i2i.jp,4,1
627,1/2/2019,Vasyuchov,lvasyuchovhe@angelfire.com,1,1
628,13/1/2019,Pollen,cpollenhf@fc2.com,1,3
629,20/8/2018,Casse,gcassehg@yahoo.co.jp,2,3
630,12/10/2018,Disney,adisneyhh@a8.net,3,3
631,27/4/2019,Ferdinand,mferdinandhi@myspace.com,4,2
632,30/8/2018,Cowburn,rcowburnhj@domainmarket.com,1,5
633,5/12/2018,Menier,hmenierhk@qq.com,3,1
634,21/5/2019,Reyna,greynahl@cafepress.com,3,4
635,10/1/2019,Pregel,cpregelhm@shutterfly.com,5,4
636,8/1/2019,Grichukhin,sgrichukhinhn@netvibes.com,5,3
637,24/12/2018,Ethridge,methridgeho@rambler.ru,3,3
638,24/9/2018,Todman,atodmanhp@sciencedaily.com,1,1
639,14/11/2018,Ledekker,aledekkerhq@youtu.be,2,5
640,25/3/2019,Keling,ekelinghr@un.org,1,3
641,26/10/2018,Vasyunin,cvasyuninhs@economist.com,5,5
642,26/10/2018,Thake,athakeht@cdbaby.com,3,1
643,9/8/2018,Oliphard,qoliphardhu@arstechnica.com,4,3
644,6/3/2019,Goldstein,bgoldsteinhv@epa.gov,4,1
645,1/3/2019,Birkbeck,ebirkbeckhw@booking.com,4,4
646,26/12/2018,Margery,rmargeryhx@boston.com,4,1
647,17/10/2018,Samson,ssamsonhy@skyrock.com,2,5
648,14/3/2019,Adne,fadnehz@nyu.edu,2,5
649,7/11/2018,Pibsworth,bpibsworthi0@hugedomains.com,3,2
650,2/12/2018,Kmietsch,lkmietschi1@bing.com,5,1
651,25/3/2019,Coytes,jcoytesi2@vistaprint.com,4,1
652,28/9/2018,Rubbert,erubberti3@devhub.com,2,5
653,3/1/2019,Buckby,ibuckbyi4@statcounter.com,4,3
654,31/8/2018,Went,twenti5@hao123.com,2,4
655,16/11/2018,Heeney,dheeneyi6@huffingtonpost.com,5,4
656,4/9/2018,Lintall,blintalli7@techcrunch.com,2,5
657,22/1/2019,Reggiani,mreggianii8@wsj.com,2,3
658,28/7/2018,Algy,ualgyi9@delicious.com,1,5
659,3/3/2019,Twallin,ltwallinia@usatoday.com,1,3
660,7/2/2019,Ickovic,bickovicib@apple.com,5,4
661,9/11/2018,Trayton,jtraytonic@wiley.com,3,4
662,13/1/2019,Vears,svearsid@friendfeed.com,5,4
663,13/12/2018,Tapsell,atapsellie@chron.com,1,4
664,23/2/2019,Cranidge,acranidgeif@kickstarter.com,4,4
665,16/4/2019,Tidswell,rtidswellig@networksolutions.com,3,2
666,24/8/2018,Possek,apossekih@com.com,1,4
667,27/3/2019,Abramovic,vabramovicii@squidoo.com,5,1
668,17/1/2019,Nowak,mnowakij@pcworld.com,1,3
669,29/10/2018,Levesley,hlevesleyik@cargocollective.com,1,5
670,11/8/2018,Jesper,djesperil@instagram.com,4,4
671,2/5/2019,Tregear,stregearim@godaddy.com,3,1
672,9/8/2018,Scally,rscallyin@geocities.jp,1,3
673,6/12/2018,Davidescu,wdavidescuio@apple.com,2,1
674,24/7/2018,Kidby,ekidbyip@live.com,5,4
675,1/12/2018,Habgood,mhabgoodiq@unblog.fr,3,4
676,18/8/2018,Bonnick,hbonnickir@msn.com,4,4
677,12/9/2018,Bedin,ubedinis@nps.gov,5,1
678,13/2/2019,Bruhnke,ybruhnkeit@spotify.com,3,2
679,12/1/2019,Renault,brenaultiu@netvibes.com,2,1
680,24/3/2019,Wint,cwintiv@hp.com,5,5
681,6/10/2018,Abrahamian,mabrahamianiw@ocn.ne.jp,5,2
682,19/9/2018,Stribbling,jstribblingix@oakley.com,3,5
683,4/11/2018,De Hooch,mdehoochiy@issuu.com,2,4
684,21/10/2018,Zanicchi,bzanicchiiz@paypal.com,1,3
685,13/9/2018,Wofenden,gwofendenj0@behance.net,1,5
686,3/10/2018,Cooke,jcookej1@vkontakte.ru,1,5
687,12/11/2018,Wolvey,gwolveyj2@csmonitor.com,4,4
688,17/9/2018,Maple,hmaplej3@npr.org,4,2
689,27/8/2018,Shepley,ashepleyj4@usgs.gov,4,4
690,4/8/2018,Gorioli,rgoriolij5@github.com,1,5
691,8/9/2018,FitzGibbon,cfitzgibbonj6@1und1.de,2,5
692,10/1/2019,Fullard,cfullardj7@cdbaby.com,1,5
693,6/2/2019,Sorrie,ksorriej8@nba.com,5,4
694,14/5/2019,Smales,ksmalesj9@toplist.cz,1,4
695,25/9/2018,Barkworth,kbarkworthja@ox.ac.uk,5,5
696,31/12/2018,Mithan,vmithanjb@mayoclinic.com,4,5
697,11/8/2018,Khrishtafovich,mkhrishtafovichjc@gov.uk,1,2
698,5/8/2018,Beranek,aberanekjd@answers.com,5,3
699,23/2/2019,Briereton,ebrieretonje@smh.com.au,1,1
700,24/12/2018,Pedlow,vpedlowjf@yale.edu,5,4
701,5/1/2019,Ridgway,sridgwayjg@hud.gov,1,4
702,29/11/2018,Portchmouth,rportchmouthjh@theguardian.com,4,3
703,9/5/2019,Chiene,nchieneji@scribd.com,2,4
704,4/11/2018,Woloschin,ewoloschinjj@ning.com,4,4
705,5/2/2019,Thomasen,nthomasenjk@timesonline.co.uk,3,1
706,14/10/2018,Sole,bsolejl@gmpg.org,3,4
707,30/8/2018,Over,poverjm@virginia.edu,1,2
708,21/10/2018,Flewan,bflewanjn@columbia.edu,1,2
709,2/12/2018,Curmi,dcurmijo@zimbio.com,5,4
710,10/2/2019,Briance,sbriancejp@ucoz.com,3,4
711,17/9/2018,Guye,hguyejq@msu.edu,2,5
712,1/1/2019,Wolfendale,awolfendalejr@blogger.com,5,1
713,17/1/2019,Doody,jdoodyjs@omniture.com,2,2
714,5/1/2019,L'Hommee,dlhommeejt@netvibes.com,4,3
715,18/8/2018,Skitch,cskitchju@elegantthemes.com,4,4
716,16/5/2019,Jeandel,fjeandeljv@ameblo.jp,5,1
717,13/3/2019,Iggalden,riggaldenjw@cbslocal.com,2,3
718,13/3/2019,Mainstone,bmainstonejx@nsw.gov.au,4,2
719,26/11/2018,Hackworth,khackworthjy@answers.com,2,5
720,7/4/2019,Caroll,ocarolljz@irs.gov,1,5
721,7/11/2018,Carletti,rcarlettik0@wikipedia.org,1,1
722,23/1/2019,Guy,jguyk1@constantcontact.com,4,4
723,6/9/2018,Vidloc,fvidlock2@huffingtonpost.com,4,4
724,2/11/2018,Rostern,yrosternk3@gmpg.org,2,5
725,2/8/2018,Ashpital,gashpitalk4@ox.ac.uk,5,3
726,11/2/2019,Egentan,eegentank5@miitbeian.gov.cn,4,3
727,10/3/2019,Digle,ediglek6@multiply.com,3,2
728,25/4/2019,Polk,hpolkk7@bloglovin.com,3,5
729,15/12/2018,Rayner,jraynerk8@nasa.gov,4,5
730,23/11/2018,Sudron,msudronk9@reddit.com,1,4
731,16/8/2018,Curley,lcurleyka@ning.com,1,2
732,19/8/2018,Scutter,mscutterkb@dedecms.com,4,5
733,8/5/2019,Scurrell,cscurrellkc@cbc.ca,1,3
734,25/11/2018,Alessandrelli,salessandrellikd@opera.com,2,2
735,30/11/2018,Bambra,nbambrake@omniture.com,1,1
736,30/4/2019,Flynn,kflynnkf@opensource.org,3,4
737,7/5/2019,Bruneau,dbruneaukg@uol.com.br,1,2
738,21/4/2019,Chason,hchasonkh@about.com,5,2
739,17/5/2019,Simonnot,msimonnotki@ucsd.edu,1,2
740,29/9/2018,Yarrall,eyarrallkj@princeton.edu,4,5
741,3/3/2019,Maryon,amaryonkk@bigcartel.com,1,1
742,20/2/2019,Kordes,bkordeskl@wisc.edu,4,3
743,13/10/2018,Mutton,mmuttonkm@istockphoto.com,2,3
744,15/4/2019,Fairbanks,lfairbankskn@go.com,5,4
745,27/9/2018,Thornton-Dewhirst,mthorntondewhirstko@craigslist.org,5,2
746,29/7/2018,D'eye,rdeyekp@vkontakte.ru,3,2
747,7/9/2018,Watkin,mwatkinkq@trellian.com,4,1
748,11/3/2019,Miskin,rmiskinkr@noaa.gov,1,3
749,19/10/2018,Antczak,rantczakks@redcross.org,2,5
750,7/10/2018,Devas,hdevaskt@princeton.edu,4,1
751,24/3/2019,Melmeth,cmelmethku@salon.com,4,2
752,2/11/2018,Hindshaw,shindshawkv@networkadvertising.org,5,2
753,10/11/2018,Olivari,lolivarikw@bloglines.com,2,5
754,10/5/2019,Goodwill,egoodwillkx@ucoz.ru,2,1
755,24/3/2019,Byng,gbyngky@java.com,4,1
756,5/10/2018,Klagge,rklaggekz@vk.com,1,1
757,30/11/2018,McKune,tmckunel0@tumblr.com,1,1
758,15/4/2019,Bridgland,mbridglandl1@newsvine.com,3,5
759,19/8/2018,O'Connor,moconnorl2@harvard.edu,3,5
760,26/10/2018,Corain,acorainl3@cpanel.net,1,2
761,16/12/2018,Shermar,hshermarl4@nifty.com,1,2
762,29/12/2018,Blackledge,jblackledgel5@amazonaws.com,4,4
763,26/1/2019,Dionis,cdionisl6@squidoo.com,2,1
764,7/4/2019,Barthelemy,ebarthelemyl7@wordpress.com,1,2
765,10/2/2019,Gwilt,mgwiltl8@tumblr.com,3,3
766,2/12/2018,Beckwith,ebeckwithl9@home.pl,3,4
767,18/5/2019,Buten,hbutenla@nifty.com,2,4
768,10/11/2018,Crebo,rcrebolb@smh.com.au,2,4
769,12/10/2018,Gofford,agoffordlc@prlog.org,2,2
770,6/11/2018,Schultz,aschultzld@meetup.com,3,4
771,11/2/2019,Shawel,rshawelle@latimes.com,3,1
772,24/4/2019,Solloway,asollowaylf@google.com.hk,4,4
773,20/9/2018,Boggish,wboggishlg@bravesites.com,3,1
774,17/9/2018,Husby,lhusbylh@ycombinator.com,1,2
775,25/2/2019,Weir,kweirli@mapquest.com,4,4
776,15/12/2018,Pietsma,tpietsmalj@livejournal.com,3,1
777,15/1/2019,Orro,corrolk@virginia.edu,1,3
778,4/8/2018,Jobin,jjobinll@flickr.com,2,3
779,14/4/2019,Luther,mlutherlm@last.fm,4,3
780,17/8/2018,Santer,esanterln@examiner.com,1,3
781,19/3/2019,Ilyunin,cilyuninlo@free.fr,1,5
782,12/1/2019,Marco,emarcolp@sciencedaily.com,3,4
783,25/1/2019,Libbey,clibbeylq@redcross.org,1,3
784,9/3/2019,Latimer,rlatimerlr@prnewswire.com,2,4
785,26/4/2019,Ferns,pfernsls@plala.or.jp,5,4
786,9/2/2019,Pedgrift,dpedgriftlt@hhs.gov,2,2
787,4/8/2018,Cake,scakelu@symantec.com,2,4
788,13/8/2018,Davidoff,ydavidofflv@cpanel.net,2,5
789,22/12/2018,Chestnutt,fchestnuttlw@paypal.com,3,2
790,6/3/2019,Tames,htameslx@typepad.com,1,2
791,20/11/2018,Wilderspoon,jwilderspoonly@slideshare.net,5,4
792,9/3/2019,Guterson,bgutersonlz@goo.gl,4,4
793,27/11/2018,Twiddell,gtwiddellm0@unblog.fr,5,2
794,1/11/2018,Damiral,ddamiralm1@salon.com,4,3
795,7/3/2019,Ledrun,rledrunm2@myspace.com,1,5
796,22/9/2018,Case,mcasem3@msu.edu,5,2
797,6/3/2019,Guerre,sguerrem4@google.fr,5,5
798,28/9/2018,Willey,twilleym5@tuttocitta.it,2,5
799,19/11/2018,Milius,smiliusm6@wordpress.com,2,2
800,14/4/2019,Spikeings,wspikeingsm7@t.co,1,3
801,10/3/2019,Ostridge,gostridgem8@merriam-webster.com,1,3
802,16/10/2018,Crallan,ecrallanm9@dion.ne.jp,2,4
803,24/10/2018,Oger,rogerma@tuttocitta.it,3,5
804,30/7/2018,Sylett,tsylettmb@ehow.com,1,5
805,18/2/2019,Redmond,mredmondmc@mail.ru,2,5
806,8/4/2019,Trussler,btrusslermd@csmonitor.com,1,2
807,15/2/2019,McIlhatton,omcilhattonme@adobe.com,2,4
808,23/10/2018,Bryden,ibrydenmf@thetimes.co.uk,4,5
809,28/11/2018,Loukes,dloukesmg@miibeian.gov.cn,1,1
810,22/10/2018,Farbrother,gfarbrothermh@hao123.com,2,2
811,8/12/2018,Mc Cahey,emccaheymi@cbc.ca,5,3
812,29/8/2018,Garrioch,lgarriochmj@booking.com,2,2
813,4/10/2018,Leger,blegermk@unesco.org,4,1
814,2/9/2018,Bartelot,sbartelotml@vkontakte.ru,4,3
815,20/12/2018,Kinchlea,gkinchleamm@youtube.com,4,1
816,26/9/2018,Sambrok,wsambrokmn@google.es,4,4
817,31/3/2019,Rand,srandmo@gizmodo.com,3,3
818,14/3/2019,Southerill,gsoutherillmp@privacy.gov.au,3,3
819,5/11/2018,Norcliffe,rnorcliffemq@ow.ly,3,5
820,15/12/2018,Caseri,mcaserimr@bloglovin.com,1,5
821,5/11/2018,Cabane,icabanems@github.com,3,5
822,13/11/2018,Roggers,broggersmt@ca.gov,1,5
823,30/12/2018,Hulbert,vhulbertmu@springer.com,5,5
824,10/10/2018,Ondrousek,gondrousekmv@dyndns.org,1,3
825,3/3/2019,New,anewmw@live.com,5,1
826,7/10/2018,McCay,mmccaymx@time.com,3,4
827,30/4/2019,Challicum,hchallicummy@symantec.com,5,1
828,6/8/2018,Burvill,hburvillmz@webeden.co.uk,3,2
829,29/4/2019,Painswick,gpainswickn0@google.com,1,3
830,27/12/2018,Grimster,jgrimstern1@dyndns.org,3,1
831,16/3/2019,Eagers,geagersn2@walmart.com,1,5
832,30/4/2019,Klain,tklainn3@lulu.com,1,5
833,16/4/2019,Piaggia,npiaggian4@nsw.gov.au,2,1
834,22/2/2019,Giovani,igiovanin5@newyorker.com,3,3
835,11/3/2019,Soldan,jsoldann6@guardian.co.uk,4,1
836,7/12/2018,Pendell,rpendelln7@prweb.com,2,5
837,12/3/2019,Esson,aessonn8@un.org,3,2
838,2/3/2019,De Wolfe,hdewolfen9@archive.org,5,4
839,30/7/2018,Westhofer,twesthoferna@smh.com.au,2,1
840,1/3/2019,Bellino,lbellinonb@digg.com,2,3
841,6/1/2019,Mathewson,tmathewsonnc@baidu.com,5,5
842,9/9/2018,O'Currigan,bocurrigannd@friendfeed.com,4,1
843,14/9/2018,Stratten,dstrattenne@squarespace.com,4,5
844,28/8/2018,Juppe,djuppenf@cisco.com,3,3
845,5/9/2018,Gremain,mgremainng@weibo.com,4,1
846,19/12/2018,Disbrey,ndisbreynh@cloudflare.com,5,1
847,23/2/2019,Dadd,sdaddni@1und1.de,3,2
848,18/8/2018,Aistrop,eaistropnj@jigsy.com,3,5
849,7/11/2018,Kimber,dkimbernk@dedecms.com,4,4
850,3/9/2018,Chaldecott,cchaldecottnl@google.com.au,5,5
851,5/12/2018,Pavlenkov,epavlenkovnm@rakuten.co.jp,2,3
852,4/10/2018,Djekovic,ndjekovicnn@mediafire.com,3,1
853,5/12/2018,Harlett,mharlettno@technorati.com,4,4
854,5/8/2018,Phayre,gphayrenp@prnewswire.com,5,3
855,19/8/2018,Gowrie,agowrienq@paypal.com,1,4
856,13/1/2019,Cottrell,hcottrellnr@reference.com,3,4
857,1/11/2018,Durling,sdurlingns@state.tx.us,2,5
858,10/11/2018,Jikylls,ljikyllsnt@va.gov,5,2
859,2/11/2018,Spradbrow,kspradbrownu@shinystat.com,5,5
860,19/3/2019,Iacomini,wiacomininv@amazon.com,2,4
861,3/4/2019,Kiellor,rkiellornw@ow.ly,5,5
862,11/8/2018,Eayres,geayresnx@arstechnica.com,1,5
863,18/3/2019,Enrich,ienrichny@xrea.com,4,4
864,25/3/2019,Guidini,vguidininz@google.co.uk,3,1
865,31/1/2019,Veracruysse,everacruysseo0@posterous.com,5,5
866,26/12/2018,Newey,gneweyo1@photobucket.com,4,2
867,23/10/2018,Larder,klardero2@scribd.com,2,4
868,14/2/2019,Sandell,lsandello3@mail.ru,5,1
869,7/2/2019,Hobell,ghobello4@infoseek.co.jp,2,5
870,6/8/2018,MacKeeg,tmackeego5@wordpress.com,4,5
871,26/12/2018,Livsey,plivseyo6@sciencedaily.com,3,5
872,26/8/2018,Henkmann,lhenkmanno7@altervista.org,3,2
873,9/3/2019,Dilawey,mdilaweyo8@51.la,1,2
874,17/10/2018,Curphey,lcurpheyo9@hibu.com,4,2
875,3/10/2018,Turfin,bturfinoa@amazon.co.jp,5,5
876,28/3/2019,Licciardello,rlicciardelloob@yahoo.com,5,4
877,28/1/2019,Evason,mevasonoc@archive.org,2,2
878,17/2/2019,Spencers,gspencersod@ted.com,4,2
879,13/2/2019,Margetson,pmargetsonoe@hibu.com,5,5
880,4/8/2018,Churchman,cchurchmanof@smugmug.com,1,4
881,30/12/2018,Radnage,gradnageog@fotki.com,5,1
882,23/1/2019,Topp,btoppoh@wikimedia.org,4,5
883,9/11/2018,Petteford,gpettefordoi@domainmarket.com,2,1
884,5/5/2019,Cromack,ccromackoj@paginegialle.it,4,2
885,9/4/2019,Scarse,tscarseok@spiegel.de,5,2
886,10/12/2018,Teague,ateagueol@qq.com,5,5
887,1/4/2019,Pollard,npollardom@vinaora.com,1,2
888,22/3/2019,Dzenisenka,hdzenisenkaon@cmu.edu,3,3
889,1/4/2019,Featherby,efeatherbyoo@csmonitor.com,3,4
890,20/9/2018,Seabridge,aseabridgeop@friendfeed.com,1,1
891,12/11/2018,Lamshead,vlamsheadoq@omniture.com,4,4
892,18/1/2019,Dominici,jdominicior@intel.com,1,4
893,9/11/2018,Vicker,cvickeros@bloglovin.com,2,3
894,3/11/2018,Rabjohn,frabjohnot@imageshack.us,5,4
895,26/9/2018,Kier,rkierou@drupal.org,4,2
896,3/2/2019,Pogg,mpoggov@is.gd,5,1
897,28/8/2018,Mafham,fmafhamow@yellowbook.com,3,1
898,22/2/2019,Wilflinger,dwilflingerox@reference.com,5,3
899,4/9/2018,Tatlowe,atatloweoy@wordpress.org,2,4
900,26/3/2019,Bruyntjes,ebruyntjesoz@topsy.com,3,5
901,26/8/2018,Lesser,llesserp0@wix.com,3,2
902,31/7/2018,Youster,pyousterp1@bing.com,5,4
903,10/5/2019,Treherne,mtrehernep2@utexas.edu,3,4
904,7/10/2018,Wisdom,jwisdomp3@archive.org,3,2
905,14/11/2018,Sawley,dsawleyp4@bluehost.com,2,3
906,24/7/2018,Streatfield,bstreatfieldp5@ox.ac.uk,1,3
907,7/9/2018,Bolzmann,vbolzmannp6@wix.com,4,5
908,23/3/2019,Gunthorp,rgunthorpp7@imdb.com,2,4
909,19/2/2019,Andriessen,tandriessenp8@home.pl,2,4
910,23/1/2019,Seer,kseerp9@nydailynews.com,3,2
911,20/4/2019,Kirwood,dkirwoodpa@squarespace.com,1,1
912,11/9/2018,Wrack,mwrackpb@mysql.com,2,4
913,13/11/2018,Luton,ilutonpc@latimes.com,2,1
914,28/10/2018,Thorpe,qthorpepd@phpbb.com,5,3
915,15/2/2019,Gioani,lgioanipe@ovh.net,3,2
916,15/12/2018,Dedrick,bdedrickpf@quantcast.com,2,5
917,6/11/2018,Barrand,sbarrandpg@state.gov,3,1
918,31/3/2019,Kording,dkordingph@github.io,4,4
919,22/3/2019,Cruickshank,bcruickshankpi@businesswire.com,3,3
920,28/1/2019,Hachard,hhachardpj@cornell.edu,3,2
921,17/10/2018,Beadell,ebeadellpk@wix.com,1,5
922,27/11/2018,O'Deegan,kodeeganpl@google.es,4,2
923,30/9/2018,Loukes,vloukespm@businesswire.com,1,1
924,26/12/2018,Hyde-Chambers,nhydechamberspn@webeden.co.uk,3,5
925,8/5/2019,Davey,hdaveypo@state.gov,2,3
926,4/3/2019,Dreschler,ldreschlerpp@opera.com,1,2
927,3/9/2018,Beacroft,rbeacroftpq@twitpic.com,1,4
928,20/12/2018,Tye,etyepr@berkeley.edu,2,4
929,20/3/2019,Pheasant,cpheasantps@ocn.ne.jp,5,4
930,9/5/2019,Gantzer,mgantzerpt@taobao.com,3,4
931,3/12/2018,Ingall,tingallpu@ucoz.ru,4,4
932,27/1/2019,Fitzsymons,dfitzsymonspv@samsung.com,2,1
933,8/5/2019,Debling,ideblingpw@indiatimes.com,4,2
934,30/7/2018,Brumfield,mbrumfieldpx@hp.com,5,1
935,20/10/2018,Cadge,lcadgepy@mozilla.com,2,2
936,4/8/2018,Andreutti,mandreuttipz@php.net,5,1
937,4/1/2019,Haycox,fhaycoxq0@ebay.co.uk,4,2
938,4/11/2018,Bampton,dbamptonq1@google.co.jp,3,4
939,2/4/2019,Mallatratt,emallatrattq2@liveinternet.ru,4,1
940,21/10/2018,Pinner,bpinnerq3@ftc.gov,3,1
941,29/12/2018,Artrick,fartrickq4@upenn.edu,3,3
942,21/5/2019,Hillen,khillenq5@wufoo.com,2,2
943,15/4/2019,Langthorne,rlangthorneq6@dyndns.org,3,2
944,3/1/2019,Malham,tmalhamq7@deviantart.com,3,1
945,6/9/2018,Marquess,jmarquessq8@sfgate.com,3,2
946,2/4/2019,Winspire,gwinspireq9@mayoclinic.com,5,3
947,19/1/2019,Juster,bjusterqa@blogs.com,3,3
948,27/9/2018,Deverille,hdeverilleqb@wix.com,1,2
949,7/8/2018,Stephens,dstephensqc@is.gd,2,3
950,23/2/2019,Stratiff,wstratiffqd@cyberchimps.com,1,4
951,28/9/2018,Umpleby,cumplebyqe@biglobe.ne.jp,3,1
952,1/11/2018,Cowderoy,tcowderoyqf@theglobeandmail.com,3,4
953,24/4/2019,Medgwick,imedgwickqg@census.gov,3,4
954,21/2/2019,Emmett,bemmettqh@tinypic.com,5,5
955,18/2/2019,Cona,dconaqi@hc360.com,5,1
956,5/1/2019,Ber,iberqj@elegantthemes.com,2,4
957,4/8/2018,Brimblecomb,abrimblecombqk@ted.com,2,5
958,29/11/2018,Gozard,mgozardql@mac.com,5,2
959,19/8/2018,Ahmad,mahmadqm@marriott.com,1,3
960,26/9/2018,Swiggs,jswiggsqn@lulu.com,2,2
961,7/12/2018,Adamson,hadamsonqo@hugedomains.com,4,5
962,22/2/2019,Gozzett,tgozzettqp@youtu.be,3,1
963,20/5/2019,Hanhardt,lhanhardtqq@devhub.com,2,5
964,27/2/2019,Morling,emorlingqr@si.edu,1,2
965,8/3/2019,Crackett,lcrackettqs@cloudflare.com,4,5
966,7/4/2019,Eshelby,beshelbyqt@weibo.com,4,1
967,17/3/2019,Menelaws,smenelawsqu@over-blog.com,4,4
968,26/7/2018,Selwyne,gselwyneqv@printfriendly.com,3,4
969,20/12/2018,Loseby,rlosebyqw@house.gov,5,2
970,11/10/2018,Righy,arighyqx@hud.gov,2,3
971,31/8/2018,Selby,lselbyqy@umn.edu,5,5
972,17/9/2018,Keitley,ekeitleyqz@china.com.cn,1,1
973,5/2/2019,Bilbrey,kbilbreyr0@washingtonpost.com,2,4
974,16/5/2019,Middlewick,kmiddlewickr1@github.io,1,3
975,3/4/2019,Hazle,khazler2@blogspot.com,5,2
976,22/9/2018,McGiff,emcgiffr3@businessweek.com,5,2
977,17/5/2019,Brookz,mbrookzr4@zdnet.com,3,3
978,23/4/2019,Percifer,aperciferr5@msu.edu,5,1
979,19/11/2018,Driffield,adriffieldr6@hugedomains.com,5,3
980,22/12/2018,Ligerton,sligertonr7@salon.com,1,3
981,8/5/2019,MacMeeking,gmacmeekingr8@oaic.gov.au,1,2
982,24/1/2019,Klaussen,zklaussenr9@uiuc.edu,1,3
983,11/10/2018,Kighly,okighlyra@noaa.gov,3,4
984,28/3/2019,Ruggs,iruggsrb@acquirethisname.com,3,2
985,23/12/2018,Brabant,mbrabantrc@tmall.com,2,2
986,5/9/2018,Eingerfield,keingerfieldrd@businessweek.com,3,1
987,6/9/2018,Haw,rhawre@comcast.net,5,1
988,21/5/2019,Fildes,nfildesrf@reverbnation.com,3,5
989,28/9/2018,Jackson,bjacksonrg@ask.com,1,4
990,29/4/2019,Pankhurst.,fpankhurstrh@indiegogo.com,2,3
991,11/10/2018,Greasley,mgreasleyri@freewebs.com,1,3
992,11/3/2019,Metzing,kmetzingrj@scribd.com,4,2
993,4/5/2019,Oakenford,joakenfordrk@examiner.com,5,1
994,20/11/2018,Pharrow,ppharrowrl@newsvine.com,2,1
995,17/5/2019,Syrad,psyradrm@harvard.edu,3,1
996,31/1/2019,Ingrey,dingreyrn@cisco.com,2,4
997,3/2/2019,Whiteson,hwhitesonro@themeforest.net,4,3
998,23/2/2019,Stokey,istokeyrp@cargocollective.com,4,5
999,17/9/2018,Slimm,rslimmrq@taobao.com,2,3
1000,3/5/2019,Eichmann,geichmannrr@paginegialle.it,3,1
